"term","df","sumsq","meansq","statistic","p.value"
"Age.Group",2,34289.6679019609,17144.8339509804,297.72348188358,1.64573125414328e-102
"Residuals",1017,58565.4044411764,57.5864350454046,NA,NA
