"","term","df","sumsq","meansq","statistic","p.value"
"1","Age.Group",2,102728.401156894,51364.2005784468,1273.82660644943,0
"2","Residuals",3783,152540.98933439,40.3227568951599,NA,NA
