"term","df","sumsq","meansq","statistic","p.value"
"Age.Group",2,34289.6679019608,17144.8339509804,297.723481883579,1.64573125414417e-102
"Residuals",1017,58565.4044411765,57.5864350454046,NA,NA
