"Age.Group","estimate","std_dev","n","SE","lower_ci","upper_ci"
"15-24",19.2582352941176,11.5147855369595,340,0.624476924554068,20.48218757542,18.0342830128153
"25-54",7.64147058823529,4.92931309864784,340,0.267329536805293,8.16542685237744,7.11751432409314
"55-64",6.37411764705882,3.9838287550471,340,0.216053448925874,6.7975746256892,5.95066066842845
