"Age.Group","estimate","std_dev","n","SE","lower_ci","upper_ci"
"15-24",17.220206022187,9.5401141788735,1262,0.268549219837613,17.7465528211451,16.693859223229
"25-54",6.9404912836767,4.19013615477616,1262,0.117950139199632,7.17166930847947,6.70931325887394
"55-64",5.53454833597464,3.52097303937054,1262,0.099113547811215,5.72880732006461,5.34028935188467
