"Age.group.1","Age.group.2","p.value","reject_H0"
"25-54","15-24",4.74141588623657e-75,TRUE
"55-64","15-24",6.1151439810899e-89,TRUE
"55-64","25-54",0.0296711415358448,TRUE
